[{"@type":"mappingTemplate","id":"@1","name":"Mapping3","description":"","bundleVersion":"0","templateId":"@3","deployTime":1674514922000,"hasParameters":false,"valid":true,"fixedConnection":true,"hasParametersDeployed":false,"fixedConnectionDeployed":true,"isSchemaValidationEnabled":false,"tasks":0,"mappingPreviewFileRecordId":"@2","documentType":"MAPPING","references":[{"@type":"reference","refObjectId":"@2asB4KXvDXGephmxW4p5Y6","refType":"connection"},{"@type":"reference","refObjectId":"@f7fGhNKDRgYdjTS9YcIiSR","refType":"connection"}]}]